video_path	label	user_id
Dataset\HandGesture\CurtainGesture\Hamad\CGH1	curtain	hamad	
Dataset\HandGesture\CurtainGesture\Hamad\CGH2	curtain	hamad	
Dataset\HandGesture\CurtainGesture\Hamad\CGH3	curtain	hamad	
Dataset\HandGesture\CurtainGesture\Hamad\CGH4	curtain	hamad	
Dataset\HandGesture\CurtainGesture\Hamad\CGH5	curtain	hamad	
Dataset\HandGesture\CurtainGesture\Hamad\CGH6	curtain	hamad	
Dataset\HandGesture\CurtainGesture\Hamad\CGH7	curtain	hamad	
Dataset\HandGesture\CurtainGesture\Hamad\CGH8	curtain	hamad	
Dataset\HandGesture\CurtainGesture\Hamad\CGH9	curtain	hamad	
Dataset\HandGesture\CurtainGesture\Hamad\CGH10	curtain	hamad	
Dataset\HandGesture\CurtainGesture\Mohammad\CGM1	curtain	mohammad	
Dataset\HandGesture\CurtainGesture\Mohammad\CGM2	curtain	mohammad	
Dataset\HandGesture\CurtainGesture\Mohammad\CGM3	curtain	mohammad	
Dataset\HandGesture\CurtainGesture\Mohammad\CGM4	curtain	mohammad	
Dataset\HandGesture\CurtainGesture\Mohammad\CGM5	curtain	mohammad	
Dataset\HandGesture\CurtainGesture\Mohammad\CGM6	curtain	mohammad	
Dataset\HandGesture\CurtainGesture\Mohammad\CGM7	curtain	mohammad	
Dataset\HandGesture\CurtainGesture\Mohammad\CGM8	curtain	mohammad	
Dataset\HandGesture\CurtainGesture\Mohammad\CGM9	curtain	mohammad	
Dataset\HandGesture\CurtainGesture\Mohammad\CGM10	curtain	mohammad	
Dataset\HandGesture\CurtainGesture\Obaid\CGO1	curtain	obaid	
Dataset\HandGesture\CurtainGesture\Obaid\CGO2	curtain	obaid	
Dataset\HandGesture\CurtainGesture\Obaid\CGO3	curtain	obaid	
Dataset\HandGesture\CurtainGesture\Obaid\CGO4	curtain	obaid	
Dataset\HandGesture\CurtainGesture\Obaid\CGO5	curtain	obaid	
Dataset\HandGesture\CurtainGesture\Obaid\CGO6	curtain	obaid	
Dataset\HandGesture\CurtainGesture\Obaid\CGO7	curtain	obaid	
Dataset\HandGesture\CurtainGesture\Obaid\CGO8	curtain	obaid	
Dataset\HandGesture\CurtainGesture\Obaid\CGO9	curtain	obaid	
Dataset\HandGesture\CurtainGesture\Obaid\CGO10	curtain	obaid	
Dataset\HandGesture\CurtainGesture\Saif\CGS1	curtain	saif	
Dataset\HandGesture\CurtainGesture\Saif\CGS2	curtain	saif	
Dataset\HandGesture\CurtainGesture\Saif\CGS3	curtain	saif	
Dataset\HandGesture\CurtainGesture\Saif\CGS4	curtain	saif	
Dataset\HandGesture\CurtainGesture\Saif\CGS5	curtain	saif	
Dataset\HandGesture\CurtainGesture\Saif\CGS6	curtain	saif	
Dataset\HandGesture\CurtainGesture\Saif\CGS7	curtain	saif	
Dataset\HandGesture\CurtainGesture\Saif\CGS8	curtain	saif	
Dataset\HandGesture\CurtainGesture\Saif\CGS9	curtain	saif	
Dataset\HandGesture\CurtainGesture\Saif\CGS10	curtain	saif	
Dataset\HandGesture\FanGesture\Hamad\FGH1	fan	hamad	
Dataset\HandGesture\FanGesture\Hamad\FGH2	fan	hamad	
Dataset\HandGesture\FanGesture\Hamad\FGH3	fan	hamad	
Dataset\HandGesture\FanGesture\Hamad\FGH4	fan	hamad	
Dataset\HandGesture\FanGesture\Hamad\FGH5	fan	hamad	
Dataset\HandGesture\FanGesture\Hamad\FGH6	fan	hamad	
Dataset\HandGesture\FanGesture\Hamad\FGH7	fan	hamad	
Dataset\HandGesture\FanGesture\Hamad\FGH8	fan	hamad	
Dataset\HandGesture\FanGesture\Hamad\FGH9	fan	hamad	
Dataset\HandGesture\FanGesture\Hamad\FGH10	fan	hamad	
Dataset\HandGesture\FanGesture\Mohammad\FGM1	fan	mohammad	
Dataset\HandGesture\FanGesture\Mohammad\FGM2	fan	mohammad	
Dataset\HandGesture\FanGesture\Mohammad\FGM3	fan	mohammad	
Dataset\HandGesture\FanGesture\Mohammad\FGM4	fan	mohammad	
Dataset\HandGesture\FanGesture\Mohammad\FGM5	fan	mohammad	
Dataset\HandGesture\FanGesture\Mohammad\FGM6	fan	mohammad	
Dataset\HandGesture\FanGesture\Mohammad\FGM7	fan	mohammad	
Dataset\HandGesture\FanGesture\Mohammad\FGM8	fan	mohammad	
Dataset\HandGesture\FanGesture\Mohammad\FGM9	fan	mohammad	
Dataset\HandGesture\FanGesture\Mohammad\FGM10	fan	mohammad	
Dataset\HandGesture\FanGesture\Obaid\FGO1	fan	obaid	
Dataset\HandGesture\FanGesture\Obaid\FGO2	fan	obaid	
Dataset\HandGesture\FanGesture\Obaid\FGO3	fan	obaid	
Dataset\HandGesture\FanGesture\Obaid\FGO4	fan	obaid	
Dataset\HandGesture\FanGesture\Obaid\FGO5	fan	obaid	
Dataset\HandGesture\FanGesture\Obaid\FGO6	fan	obaid	
Dataset\HandGesture\FanGesture\Obaid\FGO7	fan	obaid	
Dataset\HandGesture\FanGesture\Obaid\FGO8	fan	obaid	
Dataset\HandGesture\FanGesture\Obaid\FGO9	fan	obaid	
Dataset\HandGesture\FanGesture\Obaid\FGO10	fan	obaid	
Dataset\HandGesture\FanGesture\Saif\FGS1	fan	saif	
Dataset\HandGesture\FanGesture\Saif\FGS2	fan	saif	
Dataset\HandGesture\FanGesture\Saif\FGS3	fan	saif	
Dataset\HandGesture\FanGesture\Saif\FGS4	fan	saif	
Dataset\HandGesture\FanGesture\Saif\FGS5	fan	saif	
Dataset\HandGesture\FanGesture\Saif\FGS6	fan	saif	
Dataset\HandGesture\FanGesture\Saif\FGS7	fan	saif	
Dataset\HandGesture\FanGesture\Saif\FGS8	fan	saif	
Dataset\HandGesture\FanGesture\Saif\FGS9	fan	saif	
Dataset\HandGesture\FanGesture\Saif\FGS10	fan	saif	
Dataset\HandGesture\LightGesture\Hamad\FGH1	light	hamad	
Dataset\HandGesture\LightGesture\Hamad\FGH2	light	hamad	
Dataset\HandGesture\LightGesture\Hamad\FGH3	light	hamad	
Dataset\HandGesture\LightGesture\Hamad\FGH4	light	hamad	
Dataset\HandGesture\LightGesture\Hamad\FGH5	light	hamad	
Dataset\HandGesture\LightGesture\Hamad\FGH6	light	hamad	
Dataset\HandGesture\LightGesture\Hamad\FGH7	light	hamad	
Dataset\HandGesture\LightGesture\Hamad\FGH8	light	hamad	
Dataset\HandGesture\LightGesture\Hamad\FGH9	light	hamad	
Dataset\HandGesture\LightGesture\Hamad\FGH10	light	hamad	
Dataset\HandGesture\LightGesture\Mohammad\FGM1	light	mohammad	
Dataset\HandGesture\LightGesture\Mohammad\FGM2	light	mohammad	
Dataset\HandGesture\LightGesture\Mohammad\FGM3	light	mohammad	
Dataset\HandGesture\LightGesture\Mohammad\FGM4	light	mohammad	
Dataset\HandGesture\LightGesture\Mohammad\FGM5	light	mohammad	
Dataset\HandGesture\LightGesture\Mohammad\FGM6	light	mohammad	
Dataset\HandGesture\LightGesture\Mohammad\FGM7	light	mohammad	
Dataset\HandGesture\LightGesture\Mohammad\FGM8	light	mohammad	
Dataset\HandGesture\LightGesture\Mohammad\FGM9	light	mohammad	
Dataset\HandGesture\LightGesture\Mohammad\FGM10	light	mohammad	
Dataset\HandGesture\LightGesture\Obaid\FGO1	light	obaid	
Dataset\HandGesture\LightGesture\Obaid\FGO2	light	obaid	
Dataset\HandGesture\LightGesture\Obaid\FGO3	light	obaid	
Dataset\HandGesture\LightGesture\Obaid\FGO4	light	obaid	
Dataset\HandGesture\LightGesture\Obaid\FGO5	light	obaid	
Dataset\HandGesture\LightGesture\Obaid\FGO6	light	obaid	
Dataset\HandGesture\LightGesture\Obaid\FGO7	light	obaid	
Dataset\HandGesture\LightGesture\Obaid\FGO8	light	obaid	
Dataset\HandGesture\LightGesture\Obaid\FGO9	light	obaid	
Dataset\HandGesture\LightGesture\Obaid\FGO10	light	obaid	
Dataset\HandGesture\LightGesture\Saif\FGS1	light	saif	
Dataset\HandGesture\LightGesture\Saif\FGS2	light	saif	
Dataset\HandGesture\LightGesture\Saif\FGS3	light	saif	
Dataset\HandGesture\LightGesture\Saif\FGS4	light	saif	
Dataset\HandGesture\LightGesture\Saif\FGS5	light	saif	
Dataset\HandGesture\LightGesture\Saif\FGS6	light	saif	
Dataset\HandGesture\LightGesture\Saif\FGS7	light	saif	
Dataset\HandGesture\LightGesture\Saif\FGS8	light	saif	
Dataset\HandGesture\LightGesture\Saif\FGS9	light	saif	
Dataset\HandGesture\LightGesture\Saif\FGS10	light	saif	
Dataset\HandGesture\ScreenGesture\Hamad\SGH1	screen	hamad	
Dataset\HandGesture\ScreenGesture\Hamad\SGH2	screen	hamad	
Dataset\HandGesture\ScreenGesture\Hamad\SGH3	screen	hamad	
Dataset\HandGesture\ScreenGesture\Hamad\SGH4	screen	hamad	
Dataset\HandGesture\ScreenGesture\Hamad\SGH5	screen	hamad	
Dataset\HandGesture\ScreenGesture\Hamad\SGH6	screen	hamad	
Dataset\HandGesture\ScreenGesture\Hamad\SGH7	screen	hamad	
Dataset\HandGesture\ScreenGesture\Hamad\SGH8	screen	hamad	
Dataset\HandGesture\ScreenGesture\Hamad\SGH9	screen	hamad	
Dataset\HandGesture\ScreenGesture\Hamad\SGH10	screen	hamad	
Dataset\HandGesture\ScreenGesture\Mohammad\SGM1	screen	mohammad	
Dataset\HandGesture\ScreenGesture\Mohammad\SGM2	screen	mohammad	
Dataset\HandGesture\ScreenGesture\Mohammad\SGM3	screen	mohammad	
Dataset\HandGesture\ScreenGesture\Mohammad\SGM4	screen	mohammad	
Dataset\HandGesture\ScreenGesture\Mohammad\SGM5	screen	mohammad	
Dataset\HandGesture\ScreenGesture\Mohammad\SGM6	screen	mohammad	
Dataset\HandGesture\ScreenGesture\Mohammad\SGM7	screen	mohammad	
Dataset\HandGesture\ScreenGesture\Mohammad\SGM8	screen	mohammad	
Dataset\HandGesture\ScreenGesture\Mohammad\SGM9	screen	mohammad	
Dataset\HandGesture\ScreenGesture\Mohammad\SGM10	screen	mohammad	
Dataset\HandGesture\ScreenGesture\Obaid\SGO1	screen	obaid	
Dataset\HandGesture\ScreenGesture\Obaid\SGO2	screen	obaid	
Dataset\HandGesture\ScreenGesture\Obaid\SGO3	screen	obaid	
Dataset\HandGesture\ScreenGesture\Obaid\SGO4	screen	obaid	
Dataset\HandGesture\ScreenGesture\Obaid\SGO5	screen	obaid	
Dataset\HandGesture\ScreenGesture\Obaid\SGO6	screen	obaid	
Dataset\HandGesture\ScreenGesture\Obaid\SGO7	screen	obaid	
Dataset\HandGesture\ScreenGesture\Obaid\SGO8	screen	obaid	
Dataset\HandGesture\ScreenGesture\Obaid\SGO9	screen	obaid	
Dataset\HandGesture\ScreenGesture\Obaid\SGO10	screen	obaid	
Dataset\HandGesture\ScreenGesture\Saif\SGS1	screen	saif	
Dataset\HandGesture\ScreenGesture\Saif\SGS2	screen	saif	
Dataset\HandGesture\ScreenGesture\Saif\SGS3	screen	saif	
Dataset\HandGesture\ScreenGesture\Saif\SGS4	screen	saif	
Dataset\HandGesture\ScreenGesture\Saif\SGS5	screen	saif	
Dataset\HandGesture\ScreenGesture\Saif\SGS6	screen	saif	
Dataset\HandGesture\ScreenGesture\Saif\SGS7	screen	saif	
Dataset\HandGesture\ScreenGesture\Saif\SGS8	screen	saif	
Dataset\HandGesture\ScreenGesture\Saif\SGS9	screen	saif	
Dataset\HandGesture\ScreenGesture\Saif\SGS10	screen	saif	
