image_path,label,video_path
Processed Dataset/ProcessedFallDetection/Falling/FDF1.png,fall,Dataset\FallDetection\Falling\FDF1
Processed Dataset/ProcessedFallDetection/Falling/FDF2.png,fall,Dataset\FallDetection\Falling\FDF2
Processed Dataset/ProcessedFallDetection/Falling/FDF3.png,fall,Dataset\FallDetection\Falling\FDF3
Processed Dataset/ProcessedFallDetection/Falling/FDF4.png,fall,Dataset\FallDetection\Falling\FDF4
Processed Dataset/ProcessedFallDetection/Falling/FDF5.png,fall,Dataset\FallDetection\Falling\FDF5
Processed Dataset/ProcessedFallDetection/Falling/FDF6.png,fall,Dataset\FallDetection\Falling\FDF6
Processed Dataset/ProcessedFallDetection/Falling/FDF7.png,fall,Dataset\FallDetection\Falling\FDF7
Processed Dataset/ProcessedFallDetection/Falling/FDF8.png,fall,Dataset\FallDetection\Falling\FDF8
Processed Dataset/ProcessedFallDetection/Falling/FDF9.png,fall,Dataset\FallDetection\Falling\FDF9
Processed Dataset/ProcessedFallDetection/Falling/FDF10.png,fall,Dataset\FallDetection\Falling\FDF10
Processed Dataset/ProcessedFallDetection/Falling/FDF11.png,fall,Dataset\FallDetection\Falling\FDF11
Processed Dataset/ProcessedFallDetection/Falling/FDF12.png,fall,Dataset\FallDetection\Falling\FDF12
Processed Dataset/ProcessedFallDetection/Falling/FDF13.png,fall,Dataset\FallDetection\Falling\FDF13
Processed Dataset/ProcessedFallDetection/Falling/FDF14.png,fall,Dataset\FallDetection\Falling\FDF14
Processed Dataset/ProcessedFallDetection/Falling/FDF15.png,fall,Dataset\FallDetection\Falling\FDF15
Processed Dataset/ProcessedFallDetection/Falling/FDF16.png,fall,Dataset\FallDetection\Falling\FDF16
Processed Dataset/ProcessedFallDetection/Falling/FDF17.png,fall,Dataset\FallDetection\Falling\FDF17
Processed Dataset/ProcessedFallDetection/Falling/FDF18.png,fall,Dataset\FallDetection\Falling\FDF18
Processed Dataset/ProcessedFallDetection/Falling/FDF19.png,fall,Dataset\FallDetection\Falling\FDF19
Processed Dataset/ProcessedFallDetection/Falling/FDF20.png,fall,Dataset\FallDetection\Falling\FDF20
Processed Dataset/ProcessedFallDetection/Falling/FDF21.png,fall,Dataset\FallDetection\Falling\FDF21
Processed Dataset/ProcessedFallDetection/Falling/FDF22.png,fall,Dataset\FallDetection\Falling\FDF22
Processed Dataset/ProcessedFallDetection/Falling/FDF23.png,fall,Dataset\FallDetection\Falling\FDF23
Processed Dataset/ProcessedFallDetection/Falling/FDF24.png,fall,Dataset\FallDetection\Falling\FDF24
Processed Dataset/ProcessedFallDetection/Falling/FDF25.png,fall,Dataset\FallDetection\Falling\FDF25
Processed Dataset/ProcessedFallDetection/Falling/FDF26.png,fall,Dataset\FallDetection\Falling\FDF26
Processed Dataset/ProcessedFallDetection/Falling/FDF27.png,fall,Dataset\FallDetection\Falling\FDF27
Processed Dataset/ProcessedFallDetection/Falling/FDF28.png,fall,Dataset\FallDetection\Falling\FDF28
Processed Dataset/ProcessedFallDetection/Falling/FDF29.png,fall,Dataset\FallDetection\Falling\FDF29
Processed Dataset/ProcessedFallDetection/Falling/FDF30.png,fall,Dataset\FallDetection\Falling\FDF30
Processed Dataset/ProcessedFallDetection/Falling/FDF31.png,fall,Dataset\FallDetection\Falling\FDF31
Processed Dataset/ProcessedFallDetection/Falling/FDF32.png,fall,Dataset\FallDetection\Falling\FDF32
Processed Dataset/ProcessedFallDetection/Falling/FDF33.png,fall,Dataset\FallDetection\Falling\FDF33
Processed Dataset/ProcessedFallDetection/Falling/FDF34.png,fall,Dataset\FallDetection\Falling\FDF34
Processed Dataset/ProcessedFallDetection/Falling/FDF35.png,fall,Dataset\FallDetection\Falling\FDF35
Processed Dataset/ProcessedFallDetection/Falling/FDF36.png,fall,Dataset\FallDetection\Falling\FDF36
Processed Dataset/ProcessedFallDetection/Falling/FDF37.png,fall,Dataset\FallDetection\Falling\FDF37
Processed Dataset/ProcessedFallDetection/Falling/FDF38.png,fall,Dataset\FallDetection\Falling\FDF38
Processed Dataset/ProcessedFallDetection/Falling/FDF39.png,fall,Dataset\FallDetection\Falling\FDF39
Processed Dataset/ProcessedFallDetection/Falling/FDF40.png,fall,Dataset\FallDetection\Falling\FDF40
Processed Dataset/ProcessedFallDetection/NotFalling/FDNF1.png,no_fall,Dataset\FallDetection\NotFalling\FDNF1
Processed Dataset/ProcessedFallDetection/NotFalling/FDNF2.png,no_fall,Dataset\FallDetection\NotFalling\FDNF2
Processed Dataset/ProcessedFallDetection/NotFalling/FDNF3.png,no_fall,Dataset\FallDetection\NotFalling\FDNF3
Processed Dataset/ProcessedFallDetection/NotFalling/FDNF4.png,no_fall,Dataset\FallDetection\NotFalling\FDNF4
Processed Dataset/ProcessedFallDetection/NotFalling/FDNF5.png,no_fall,Dataset\FallDetection\NotFalling\FDNF5
Processed Dataset/ProcessedFallDetection/NotFalling/FDNF6.png,no_fall,Dataset\FallDetection\NotFalling\FDNF6
Processed Dataset/ProcessedFallDetection/NotFalling/FDNF7.png,no_fall,Dataset\FallDetection\NotFalling\FDNF7
Processed Dataset/ProcessedFallDetection/NotFalling/FDNF8.png,no_fall,Dataset\FallDetection\NotFalling\FDNF8
Processed Dataset/ProcessedFallDetection/NotFalling/FDNF9.png,no_fall,Dataset\FallDetection\NotFalling\FDNF9
Processed Dataset/ProcessedFallDetection/NotFalling/FDNF10.png,no_fall,Dataset\FallDetection\NotFalling\FDNF10
Processed Dataset/ProcessedFallDetection/NotFalling/FDNF11.png,no_fall,Dataset\FallDetection\NotFalling\FDNF11
Processed Dataset/ProcessedFallDetection/NotFalling/FDNF12.png,no_fall,Dataset\FallDetection\NotFalling\FDNF12
Processed Dataset/ProcessedFallDetection/NotFalling/FDNF13.png,no_fall,Dataset\FallDetection\NotFalling\FDNF13
Processed Dataset/ProcessedFallDetection/NotFalling/FDNF14.png,no_fall,Dataset\FallDetection\NotFalling\FDNF14
Processed Dataset/ProcessedFallDetection/NotFalling/FDNF15.png,no_fall,Dataset\FallDetection\NotFalling\FDNF15
Processed Dataset/ProcessedFallDetection/NotFalling/FDNF16.png,no_fall,Dataset\FallDetection\NotFalling\FDNF16
Processed Dataset/ProcessedFallDetection/NotFalling/FDNF17.png,no_fall,Dataset\FallDetection\NotFalling\FDNF17
Processed Dataset/ProcessedFallDetection/NotFalling/FDNF18.png,no_fall,Dataset\FallDetection\NotFalling\FDNF18
Processed Dataset/ProcessedFallDetection/NotFalling/FDNF19.png,no_fall,Dataset\FallDetection\NotFalling\FDNF19
Processed Dataset/ProcessedFallDetection/NotFalling/FDNF20.png,no_fall,Dataset\FallDetection\NotFalling\FDNF20
Processed Dataset/ProcessedFallDetection/Sitting/FDST1.png,fall,Dataset\FallDetection\Sitting\FDST1
Processed Dataset/ProcessedFallDetection/Sitting/FDST2.png,fall,Dataset\FallDetection\Sitting\FDST2
Processed Dataset/ProcessedFallDetection/Sitting/FDST3.png,fall,Dataset\FallDetection\Sitting\FDST3
Processed Dataset/ProcessedFallDetection/Sitting/FDST4.png,fall,Dataset\FallDetection\Sitting\FDST4
Processed Dataset/ProcessedFallDetection/Sitting/FDST5.png,fall,Dataset\FallDetection\Sitting\FDST5
Processed Dataset/ProcessedFallDetection/Sitting/FDST6.png,fall,Dataset\FallDetection\Sitting\FDST6
Processed Dataset/ProcessedFallDetection/Sitting/FDST7.png,fall,Dataset\FallDetection\Sitting\FDST7
Processed Dataset/ProcessedFallDetection/Sitting/FDST8.png,fall,Dataset\FallDetection\Sitting\FDST8
Processed Dataset/ProcessedFallDetection/Sitting/FDST9.png,fall,Dataset\FallDetection\Sitting\FDST9
Processed Dataset/ProcessedFallDetection/Sitting/FDST10.png,fall,Dataset\FallDetection\Sitting\FDST10
Processed Dataset/ProcessedFallDetection/SittingNotFalling/FDSTNF1.png,no_fall,Dataset\FallDetection\SittingNotFalling\FDSTNF1
Processed Dataset/ProcessedFallDetection/SittingNotFalling/FDSTNF2.png,no_fall,Dataset\FallDetection\SittingNotFalling\FDSTNF2
Processed Dataset/ProcessedFallDetection/SittingNotFalling/FDSTNF3.png,no_fall,Dataset\FallDetection\SittingNotFalling\FDSTNF3
Processed Dataset/ProcessedFallDetection/SittingNotFalling/FDSTNF4.png,no_fall,Dataset\FallDetection\SittingNotFalling\FDSTNF4
Processed Dataset/ProcessedFallDetection/SittingNotFalling/FDSTNF5.png,no_fall,Dataset\FallDetection\SittingNotFalling\FDSTNF5
Processed Dataset/ProcessedFallDetection/SittingNotFalling/FDSTNF6.png,no_fall,Dataset\FallDetection\SittingNotFalling\FDSTNF6
Processed Dataset/ProcessedFallDetection/SittingNotFalling/FDSTNF7.png,no_fall,Dataset\FallDetection\SittingNotFalling\FDSTNF7
Processed Dataset/ProcessedFallDetection/SittingNotFalling/FDSTNF8.png,no_fall,Dataset\FallDetection\SittingNotFalling\FDSTNF8
Processed Dataset/ProcessedFallDetection/SittingNotFalling/FDSTNF9.png,no_fall,Dataset\FallDetection\SittingNotFalling\FDSTNF9
Processed Dataset/ProcessedFallDetection/SittingNotFalling/FDSTNF10.png,no_fall,Dataset\FallDetection\SittingNotFalling\FDSTNF10
Processed Dataset/ProcessedFallDetection/Standing/FDSD1.png,fall,Dataset\FallDetection\Standing\FDSD1
Processed Dataset/ProcessedFallDetection/Standing/FDSD2.png,fall,Dataset\FallDetection\Standing\FDSD2
Processed Dataset/ProcessedFallDetection/Standing/FDSD3.png,fall,Dataset\FallDetection\Standing\FDSD3
Processed Dataset/ProcessedFallDetection/Standing/FDSD4.png,fall,Dataset\FallDetection\Standing\FDSD4
Processed Dataset/ProcessedFallDetection/Standing/FDSD5.png,fall,Dataset\FallDetection\Standing\FDSD5
Processed Dataset/ProcessedFallDetection/Standing/FDSD6.png,fall,Dataset\FallDetection\Standing\FDSD6
Processed Dataset/ProcessedFallDetection/Standing/FDSD7.png,fall,Dataset\FallDetection\Standing\FDSD7
Processed Dataset/ProcessedFallDetection/Standing/FDSD8.png,fall,Dataset\FallDetection\Standing\FDSD8
Processed Dataset/ProcessedFallDetection/Standing/FDSD9.png,fall,Dataset\FallDetection\Standing\FDSD9
Processed Dataset/ProcessedFallDetection/Standing/FDSD10.png,fall,Dataset\FallDetection\Standing\FDSD10
Processed Dataset/ProcessedFallDetection/StandingNotFalling/FDSDNF1.png,no_fall,Dataset\FallDetection\StandingNotFalling\FDSDNF1
Processed Dataset/ProcessedFallDetection/StandingNotFalling/FDSDNF2.png,no_fall,Dataset\FallDetection\StandingNotFalling\FDSDNF2
Processed Dataset/ProcessedFallDetection/StandingNotFalling/FDSDNF3.png,no_fall,Dataset\FallDetection\StandingNotFalling\FDSDNF3
Processed Dataset/ProcessedFallDetection/StandingNotFalling/FDSDNF4.png,no_fall,Dataset\FallDetection\StandingNotFalling\FDSDNF4
Processed Dataset/ProcessedFallDetection/StandingNotFalling/FDSDNF5.png,no_fall,Dataset\FallDetection\StandingNotFalling\FDSDNF5
Processed Dataset/ProcessedFallDetection/StandingNotFalling/FDSDNF6.png,no_fall,Dataset\FallDetection\StandingNotFalling\FDSDNF6
Processed Dataset/ProcessedFallDetection/StandingNotFalling/FDSDNF7.png,no_fall,Dataset\FallDetection\StandingNotFalling\FDSDNF7
Processed Dataset/ProcessedFallDetection/StandingNotFalling/FDSDNF8.png,no_fall,Dataset\FallDetection\StandingNotFalling\FDSDNF8
Processed Dataset/ProcessedFallDetection/StandingNotFalling/FDSDNF9.png,no_fall,Dataset\FallDetection\StandingNotFalling\FDSDNF9
Processed Dataset/ProcessedFallDetection/StandingNotFalling/FDSDNF10.png,no_fall,Dataset\FallDetection\StandingNotFalling\FDSDNF10
